-- MySQL dump 10.13  Distrib 8.0.44, for Win64 (x86_64)
--
-- Host: localhost    Database: bluesky_db
-- ------------------------------------------------------
-- Server version	8.0.44

/*!40101 SET @OLD_CHARACTER_SET_CLIENT=@@CHARACTER_SET_CLIENT */;
/*!40101 SET @OLD_CHARACTER_SET_RESULTS=@@CHARACTER_SET_RESULTS */;
/*!40101 SET @OLD_COLLATION_CONNECTION=@@COLLATION_CONNECTION */;
/*!50503 SET NAMES utf8 */;
/*!40103 SET @OLD_TIME_ZONE=@@TIME_ZONE */;
/*!40103 SET TIME_ZONE='+00:00' */;
/*!40014 SET @OLD_UNIQUE_CHECKS=@@UNIQUE_CHECKS, UNIQUE_CHECKS=0 */;
/*!40014 SET @OLD_FOREIGN_KEY_CHECKS=@@FOREIGN_KEY_CHECKS, FOREIGN_KEY_CHECKS=0 */;
/*!40101 SET @OLD_SQL_MODE=@@SQL_MODE, SQL_MODE='NO_AUTO_VALUE_ON_ZERO' */;
/*!40111 SET @OLD_SQL_NOTES=@@SQL_NOTES, SQL_NOTES=0 */;

--
-- Table structure for table `alternativa`
--

DROP TABLE IF EXISTS `alternativa`;
/*!40101 SET @saved_cs_client     = @@character_set_client */;
/*!50503 SET character_set_client = utf8mb4 */;
CREATE TABLE `alternativa` (
  `alternativa_id` int NOT NULL AUTO_INCREMENT,
  `pregunta_id` int NOT NULL,
  `texto` varchar(300) COLLATE utf8mb4_general_ci NOT NULL,
  `es_correcta` tinyint(1) NOT NULL DEFAULT '0',
  PRIMARY KEY (`alternativa_id`),
  KEY `idx_alternativa_pregunta` (`pregunta_id`),
  CONSTRAINT `alternativa_ibfk_1` FOREIGN KEY (`pregunta_id`) REFERENCES `pregunta` (`pregunta_id`)
) ENGINE=InnoDB AUTO_INCREMENT=965 DEFAULT CHARSET=utf8mb4 COLLATE=utf8mb4_general_ci;
/*!40101 SET character_set_client = @saved_cs_client */;

--
-- Dumping data for table `alternativa`
--

LOCK TABLES `alternativa` WRITE;
/*!40000 ALTER TABLE `alternativa` DISABLE KEYS */;
INSERT INTO `alternativa` VALUES (1,1,'Creación de presentaciones multimedia',0),(2,1,'Gestión de redes sociales',0),(3,1,'Organización, análisis y presentación de datos',1),(4,1,'Diseño gráfico avanzado',0),(5,2,'.pdf',0),(6,2,'.txt',0),(7,2,'.xlsx',1),(8,2,'.docx',0),(9,3,'Ctrl+Alt+T',0),(10,3,'Shift+T',0),(11,3,'Ctrl+T',1),(12,3,'Alt+T',0),(13,4,'Gráficos',0),(14,4,'Filtros',1),(15,4,'Formato condicional',0),(16,4,'Tablas dinámicas',0),(21,5,'SUMA',0),(22,5,'MAX',0),(23,5,'PROMEDIO',1),(24,5,'CONTAR',0),(25,6,'Cuenta celdas que contengan texto y números',0),(26,6,'Cuenta celdas que contengan solo números',1),(27,6,'Cuenta celdas que contengan texto y números, excepto vacías',0),(28,6,'Cuenta caracteres en una celda',0),(29,7,'Circular',0),(30,7,'Barras',1),(31,7,'Líneas',0),(32,7,'Dispersión',0),(33,8,'Filtros',0),(34,8,'Sumatorios',0),(35,8,'Títulos y leyendas',1),(36,8,'Tablas dinámicas',0),(37,9,'Ajustar a tamaño real',0),(38,9,'Ajustar a 1 página',1),(39,9,'Imprimir en escala de grises',0),(40,9,'Imprimir títulos',0),(41,10,'Una fila',0),(42,10,'Una columna',0),(43,10,'La intersección de una fila y una columna',1),(44,10,'Un rango de datos',0),(45,11,'Nombre',0),(46,11,'100',0),(47,11,'=A1+B1',1),(48,11,'25/09/2025',0),(49,12,'Ctrl+X',0),(50,12,'Ctrl+V',0),(51,12,'Ctrl+C',1),(52,12,'Ctrl+Z',0),(53,13,'MAX',0),(54,13,'PROMEDIO',0),(55,13,'SUMA',0),(56,13,'MIN',1),(57,14,'Usando comillas \"A1\"',0),(58,14,'Usando paréntesis (A1)',0),(59,14,'Usando $A$1',1),(60,14,'Usando corchetes [A1]',0),(61,15,'De barras',0),(62,15,'De columnas',0),(63,15,'Circular',1),(64,15,'De líneas',0),(65,16,'Enseñar a usar todas las funciones avanzadas de Word.',0),(66,16,'Desarrollar habilidades básicas para crear, editar y presentar documentos profesionales.',1),(67,16,'Crear presentaciones llamativas en PowerPoint.',0),(68,16,'Aprender a programar macros en Word.',0),(69,17,'Su conocimiento sobre diseño gráfico.',0),(70,17,'Su habilidad para usar Excel.',0),(71,17,'Su autonomía digital y eficiencia en la elaboración de documentos.',1),(72,17,'Su capacidad para trabajar en equipo.',0),(73,18,'Documentos HTML para páginas web.',0),(74,18,'Documentos de marketing con diseños complejos.',0),(75,18,'Documentos limpios, consistentes y profesionales.',1),(76,18,'Documentos con animaciones interactivas.',0),(77,19,'Gráficos 3D y modelos CAD.',0),(78,19,'Listas, tablas e imágenes.',1),(79,19,'Archivos de audio y video.',0),(80,19,'Programas de software.',0),(81,20,'Formato, estilos y organización.',0),(82,20,'Diseño e impresión.',0),(83,20,'Herramientas esenciales.',0),(84,20,'Fundamentos de Word.',1),(85,21,'La creación de plantillas personalizadas.',0),(86,21,'La interfaz y las funciones básicas de edición.',1),(87,21,'La creación de gráficos avanzados.',0),(88,21,'La integración con otras aplicaciones de Office.',0),(89,22,'Publicarlo directamente en internet.',0),(90,22,'Guardarlo en un disco duro externo.',0),(91,22,'Guardarlo siempre en OneDrive.',1),(92,22,'Enviar una copia a todos tus contactos.',0),(93,23,'Animaciones y efectos especiales.',0),(94,23,'Formato profesional, estilos y organización.',1),(95,23,'Fórmulas matemáticas complejas.',0),(96,23,'Códigos de programación.',0),(97,24,'El brillo y contraste de las imágenes.',0),(98,24,'La alineación, sangría y espaciado.',1),(99,24,'La configuración de la impresora.',0),(100,24,'El idioma del corrector ortográfico.',0),(101,25,'Diagramas de flujo interactivos.',0),(102,25,'Listas con viñetas o numeradas, organizando subniveles.',1),(103,25,'Presentaciones de diapositivas con animaciones.',0),(104,25,'Hojas de cálculo con fórmulas complejas.',0),(105,26,'Animaciones interactivas y modelos 3D.',0),(106,26,'Imágenes y videos de alta resolución.',0),(107,26,'Imágenes y tablas.',1),(108,26,'Gráficos estadísticos y mapas conceptuales.',0),(109,27,'Estrecho.',0),(110,27,'Transparente.',0),(111,27,'Cuadrado.',1),(112,27,'Detrás del texto.',0),(113,28,'El idioma del programa.',0),(114,28,'El diseño para exportar o imprimir documentos.',1),(115,28,'La conexión a internet.',0),(116,28,'Las cuentas de correo electrónico.',0),(117,29,'Formularios interactivos.',0),(118,29,'Videos incrustados.',0),(119,29,'Saltos con Ctrl + Enter para dividir capítulos.',1),(120,29,'Links de internet.',0),(121,30,'La fecha de creación.',0),(122,30,'El tamaño del archivo.',0),(123,30,'La vista previa de impresión.',1),(124,30,'La conexión de red.',0),(125,31,'Aprender a invertir en la bolsa de valores.',0),(126,31,'Comprender conceptos financieros y gestionar el dinero de forma responsable.',1),(127,31,'Obtener un crédito bancario con bajas tasas de interés.',0),(128,31,'Convertirse en un experto en contabilidad.',0),(129,32,'Evaluar su situación económica, planificar presupuestos y establecer metas financieras realistas.',1),(130,32,'Invertir en bienes raíces y generar ingresos pasivos.',0),(131,32,'Evadir impuestos y obtener beneficios fiscales.',0),(132,32,'Negociar salarios más altos en su trabajo.',0),(133,33,'El dinero que se gasta en entretenimiento.',0),(134,33,'El movimiento de entrada y salida de dinero en un periodo determinado.',1),(135,33,'El ahorro que se tiene en una cuenta bancaria.',0),(136,33,'El total de deudas que se tienen.',0),(137,34,'El aumento del valor de las acciones en la bolsa.',0),(138,34,'El aumento general de precios con el tiempo.',1),(139,34,'La disminución de las tasas de interés bancarias.',0),(140,34,'La depreciación de la moneda local.',0),(141,35,'Destinar 50% del ingreso a ahorro, 30% a necesidades y 20% a deseos.',0),(142,35,'Destinar 50% del ingreso a necesidades, 30% a deseos y 20% a ahorro e inversión.',1),(143,35,'Destinar 50% del ingreso a inversión, 30% a necesidades y 20% a deseos.',0),(144,35,'Destinar 50% del ingreso a deudas, 30% a ahorro y 20% a deseos.',0),(145,36,'Tener dinero disponible para comprar artículos de lujo.',0),(146,36,'Tener dinero disponible para imprevistos y gastos inesperados.',1),(147,36,'Tener dinero disponible para invertir en negocios de alto riesgo.',0),(148,36,'Tener dinero disponible para viajar por el mundo.',0),(149,37,'El interés simple se paga al final del período, mientras que el compuesto se paga por adelantado.',0),(150,37,'El interés simple se calcula sobre el capital inicial, mientras que el compuesto se calcula sobre el capital y los intereses generados.',1),(151,37,'El interés simple es para deudas, y el compuesto es para inversiones.',0),(152,37,'No hay diferencia entre interés simple y compuesto.',0),(153,38,'Solo la cuota mensual.',0),(154,38,'La tasa de interés, CAE/TCEA y comisiones.',1),(155,38,'Solo el plazo del crédito.',0),(156,38,'Solo el banco que ofrece el crédito.',0),(157,39,'Ser ambiguas y generales para adaptarse a cualquier situación.',0),(158,39,'Ser Específicas, Medibles, Alcanzables, Relevantes y Temporales.',1),(159,39,'Ser inalcanzables para fomentar la ambición.',0),(160,39,'No tener un plazo definido para evitar la presión.',0),(161,40,'Ordenar las deudas de mayor a menor tasa de interés.',0),(162,40,'Ordenar las deudas de menor a mayor monto.',1),(163,40,'Consolidar todas las deudas en un solo crédito.',0),(164,40,'Negociar con los acreedores para reducir las tasas de interés.',0),(165,41,'Invertir todo el dinero en un solo activo de alto riesgo.',0),(166,41,'No poner todo el dinero en un solo activo.',1),(167,41,'Invertir solo en empresas de tecnología.',0),(168,41,'Invertir solo en bienes raíces.',0),(169,42,'Depósitos a plazo y fondos mutuos.',1),(170,42,'Préstamos personales y tarjetas de crédito.',0),(171,42,'Juegos de azar y apuestas deportivas.',0),(172,42,'Donaciones a organizaciones benéficas.',0),(173,43,'Una lista de deseos y aspiraciones.',0),(174,43,'Evaluación de la situación actual, definición de metas y estrategia de ahorro e inversión.',1),(175,43,'Un presupuesto detallado de gastos diarios.',0),(176,43,'Un plan para obtener un aumento de sueldo.',0),(177,44,'Usar nuevas líneas de crédito para pagar las deudas existentes.',0),(178,44,'Evitar usar nuevas líneas de crédito mientras pagas tus deudas.',1),(179,44,'Ignorar las deudas hasta que desaparezcan.',0),(180,44,'Pedir préstamos a amigos y familiares.',0),(181,45,'Abrir una cuenta de inversión y comenzar a invertir de inmediato.',0),(182,45,'Solicitar un préstamo para pagar todas las deudas.',0),(183,45,'Concretar 3 acciones en 30 días (responsable, monto/plazo y métrica de avance) y revisar semanalmente el progreso.',1),(184,45,'Olvidar todo lo aprendido y seguir con los mismos hábitos financieros.',0),(185,46,'Comodidad',0),(186,46,'Confidencialidad',1),(187,46,'Complejidad',0),(188,46,'Conectividad',0),(189,47,'Phishing',0),(190,47,'Malware',0),(191,47,'Firewall',1),(192,47,'Ransomware',0),(193,48,'Aumentar la complejidad del sistema',0),(194,48,'Reducir los costos de seguridad',0),(195,48,'Reducir los riesgos al tener múltiples barreras',1),(196,48,'Simplificar la administración de contraseñas',0),(197,49,'6 caracteres',0),(198,49,'8 caracteres',0),(199,49,'10 caracteres',0),(200,49,'12 caracteres',1),(201,50,'Solo letras mayúsculas',0),(202,50,'Solo números',0),(203,50,'Combinación de letras, números y símbolos',1),(204,50,'Solo letras minúsculas',0),(205,51,'Abrirlos inmediatamente',0),(206,51,'Analizarlos con herramientas en línea o tener precauciones',1),(207,51,'Compartirlos con amigos',0),(208,51,'Ignorarlos completamente',0),(209,52,'AntiVirusTotal',0),(210,52,'Bitwarden',1),(211,52,'Firewall',0),(212,52,'VPN',0),(213,53,'Un tipo de virus informático',0),(214,53,'Un sistema operativo',0),(215,53,'Autenticación en dos pasos',1),(216,53,'Un lenguaje de programación',0),(217,54,'Para consumir más datos',0),(218,54,'Para aumentar la velocidad del equipo',0),(219,54,'Para corregir vulnerabilidades de seguridad',1),(220,54,'Para ocupar espacio en el disco duro',0),(221,55,'Dejarlo encendido y con la pantalla desbloqueada',0),(222,55,'Apagarlo completamente',0),(223,55,'Bloquearlo',1),(224,55,'Desconectarlo del Internet',0),(225,56,'Compartir la contraseña con todos los vecinos',0),(226,56,'Usar la contraseña predeterminada del router',0),(227,56,'Cambiar la contraseña del router y ocultar el SSID',1),(228,56,'Dejar el router sin contraseña',0),(229,57,'Ingresar contraseñas o datos personales',1),(230,57,'Conectarse a cualquier red Wi-Fi',0),(231,57,'Usar el correo electrónico',0),(232,57,'Navegar en internet',0),(233,58,'3 dispositivos, 2 usuarios, 1 copia de seguridad',0),(234,58,'3 copias, 2 ubicaciones, 1 en la nube',0),(235,58,'3 copias, 2 medios distintos, 1 en la nube',1),(236,58,'3 usuarios, 2 dispositivos, 1 copia de seguridad',0),(237,59,'Eliminar todos los archivos sospechosos',0),(238,59,'Desconectar el equipo, informar y no borrar evidencias',1),(239,59,'Intentar solucionar el problema por cuenta propia',0),(240,59,'Ignorar la situación',0),(241,60,'Microsoft Word',0),(242,60,'VirusTotal',1),(243,60,'Calculadora',0),(244,60,'Reproductor de música',0),(245,61,'Aprender a usar software de gestión de proyectos.',0),(246,61,'Comprender el ciclo de vida de un proyecto y aplicar herramientas prácticas.',1),(247,61,'Dominar metodologías ágiles como Scrum y Kanban.',0),(248,61,'Convertirse en un experto en gestión de riesgos.',0),(249,62,'Cierre',0),(250,62,'Monitoreo/Control',0),(251,62,'Ejecución',1),(252,62,'Inicio',0),(253,63,'WBS (Work Breakdown Structure)',0),(254,63,'Cronograma (Gantt)',0),(255,63,'Diagrama de Ishikawa',1),(256,63,'Matriz RACI',0),(257,64,'Web Based System',0),(258,64,'Work Breakdown Structure',1),(259,64,'Wide Band System',0),(260,64,'Workflow Breakdown System',0),(261,65,'Asignar roles y responsabilidades a los miembros del equipo.',0),(262,65,'Identificar y mitigar riesgos potenciales.',0),(263,65,'Visualizar las dependencias, holguras y ruta crítica del proyecto.',1),(264,65,'Controlar los costos y el presupuesto del proyecto.',0),(265,66,'Apoyo',0),(266,66,'Aprobación',0),(267,66,'Accountability',1),(268,66,'Autorización',0),(269,67,'Costos',0),(270,67,'Riesgos',0),(271,67,'Calidad',0),(272,67,'Comunicación',1),(273,68,'Matriz FODA',0),(274,68,'Matriz de Riesgos P×I (Probabilidad x Impacto)',1),(275,68,'Matriz RACI',0),(276,68,'Matriz BCG',0),(277,69,'Evitar',0),(278,69,'Mitigar',0),(279,69,'Transferir',0),(280,69,'Ignorar',1),(281,70,'Gestión de la comunicación.',0),(282,70,'Ejecución ágil y seguimiento.',1),(283,70,'Gestión de recursos humanos.',0),(284,70,'Gestión de adquisiciones.',0),(285,71,'Un marco de trabajo para la gestión de proyectos con roles definidos.',0),(286,71,'Una técnica para visualizar el flujo de trabajo, limitar el trabajo en curso (WIP) y medir el rendimiento.',1),(287,71,'Un método para planificar iteraciones cortas llamadas sprints.',0),(288,71,'Un proceso para la gestión de riesgos y problemas.',0),(289,72,'Planning',0),(290,72,'Daily',0),(291,72,'Review',0),(292,72,'Ninguna de las anteriores; todas pertenecen a Scrum.',1),(293,73,'Porcentaje de avance',0),(294,73,'Cumplimiento de hitos',0),(295,73,'Burn-down',0),(296,73,'Satisfacción del cliente',1),(297,74,'Excel',0),(298,74,'PowerPoint',0),(299,74,'Trello/Asana',1),(300,74,'Microsoft Project',0),(301,75,'Obtener la aprobación del gerente de proyecto.',0),(302,75,'Archivo y traspaso de documentación; plan de soporte/operación.',1),(303,75,'Reasignar los recursos a otros proyectos.',0),(304,75,'Celebrar el éxito del proyecto con el equipo.',0),(305,76,'Aprender a instalar MS Office en diferentes dispositivos.',0),(306,76,'Desarrollar habilidades digitales para usar eficientemente Microsoft Office 365.',1),(307,76,'Comparar MS Office con otras suites de oficina.',0),(308,76,'Dominar funciones avanzadas de programación en Excel.',0),(309,77,'Word, Excel, PowerPoint.',0),(310,77,'Outlook, Teams, OneDrive.',0),(311,77,'Access, Publisher, OneNote.',1),(312,77,'Las herramientas de MS Office 365.',0),(313,78,'Insertar imágenes y videos en documentos.',0),(314,78,'Usar estilos rápidos, atajos, espaciado y alineación.',1),(315,78,'Configurar la impresión de documentos.',0),(316,78,'Crear macros para automatizar tareas.',0),(317,79,'Ctrl+N',0),(318,79,'Ctrl+I',0),(319,79,'Ctrl+U',1),(320,79,'Ctrl+S',0),(321,80,'PROMEDIO',0),(322,80,'CONTAR',0),(323,80,'SUMA',1),(324,80,'MAX',0),(325,81,'A1',0),(326,81,'$A$1',1),(327,81,'A$1',0),(328,81,'$A1',0),(329,82,'Usar animaciones complejas y efectos llamativos.',0),(330,82,'Mantener un diseño claro y conciso para conectar con la audiencia.',1),(331,82,'Incluir la mayor cantidad de texto posible en cada diapositiva.',0),(332,82,'Utilizar plantillas prediseñadas sin modificaciones.',0),(333,83,'Utilizar fuentes de tamaño pequeño para ahorrar espacio.',0),(334,83,'Incluir múltiples ideas principales por diapositiva.',0),(335,83,'Mantener un contraste adecuado entre el texto y el fondo.',1),(336,83,'Evitar el uso de imágenes y gráficos.',0),(337,84,'Programar macros para automatizar correos.',0),(338,84,'Crear reglas para organizar la bandeja de entrada y usar firmas corporativas.',1),(339,84,'Diseñar plantillas de correo personalizadas.',0),(340,84,'Administrar bases de datos de contactos.',0),(341,85,'Utilizar canales solo para conversaciones informales.',0),(342,85,'Estructurar canales por proyecto y usar pestañas para vínculos clave.',1),(343,85,'Evitar compartir archivos en los canales.',0),(344,85,'Usar canales solo para reuniones programadas.',0),(345,86,'Compartir solo con permisos de \"Editar\" para todos los usuarios.',0),(346,86,'Compartir solo con permisos de \"Ver\" para todos los usuarios.',0),(347,86,'Compartir con permisos adecuados según la necesidad (\"Ver\" vs \"Editar\").',1),(348,86,'No compartir archivos en OneDrive por seguridad.',0),(349,87,'Usar nombres aleatorios para mayor seguridad.',0),(350,87,'Nombrar los archivos con un nombre consistente que incluya la fecha y el proyecto.',1),(351,87,'Utilizar nombres cortos y abreviados.',0),(352,87,'No es importante nombrar los archivos.',0),(353,88,'Clases grabadas sin interacción.',0),(354,88,'Clases en vivo con demostraciones guiadas y prácticas.',1),(355,88,'Lectura de manuales extensos.',0),(356,88,'Solo prácticas individuales sin retroalimentación.',0),(357,89,'Dominar la programación avanzada de macros en Excel.',0),(358,89,'Utilizar eficientemente las herramientas de Microsoft 365 y optimizar su productividad.',1),(359,89,'Diseñar páginas web interactivas.',0),(360,89,'Administrar redes sociales de manera profesional.',0),(361,90,'Haciendo clic derecho y cambiando el color del texto.',0),(362,90,'Usando formato condicional.',1),(363,90,'Insertando un comentario en la celda.',0),(364,90,'Eliminando esos puntajes.',0),(365,91,'Enseñar a usar software de gestión de proyectos.',0),(366,91,'Organizar el trabajo de manera más efectiva utilizando herramientas y métodos prácticos.',1),(367,91,'Reducir la cantidad de trabajo que se realiza diariamente.',0),(368,91,'Mejorar la velocidad de escritura en el teclado.',0),(369,92,'Un método para priorizar tareas según su tamaño.',0),(370,92,'Una herramienta para planificar la semana.',0),(371,92,'Un método para priorizar tareas según su urgencia e importancia.',1),(372,92,'Un calendario digital.',0),(373,93,'Planificar reuniones efectivas.',0),(374,93,'Automatizar tareas repetitivas.',0),(375,93,'Crear bloques de concentración con descansos programados.',1),(376,93,'Gestionar proyectos con Kanban.',0),(377,94,'Outlook y Google Calendar.',0),(378,94,'OneNote y Notion.',0),(379,94,'Trello y Planner.',1),(380,94,'Power Automate y Zapier.',0),(381,95,'Automatizar tareas repetitivas.',0),(382,95,'Capturar todas las tareas en un solo lugar antes de organizarlas.',1),(383,95,'Priorizar tareas según su urgencia.',0),(384,95,'Clasificar correos electrónicos.',0),(385,96,'Work in Progress',1),(386,96,'Way to Practice',0),(387,96,'Win in Projects',0),(388,96,'Work to Productivity',0),(389,97,'Eliminar todos los correos electrónicos.',0),(390,97,'Mantener el correo electrónico organizado procesando cada correo una sola vez.',1),(391,97,'Automatizar respuestas a correos electrónicos.',0),(392,97,'Crear plantillas para respuestas frecuentes.',0),(393,98,'Dejar todos los correos sin leer.',0),(394,98,'Procesarlos, eliminarlos, delegarlos, responderlos o archivarlos.',1),(395,98,'Imprimirlos y guardarlos en una carpeta.',0),(396,98,'Responderlos automáticamente.',0),(397,99,'Usar asuntos claros en los correos electrónicos.',0),(398,99,'Ser breve y directo en los mensajes.',0),(399,99,'Evitar reuniones sin propósito.',0),(400,99,'Enviar correos largos con mucha información innecesaria.',1),(401,100,'Microsoft To Do y Trello.',0),(402,100,'Outlook y Gmail.',0),(403,100,'OneNote y Notion.',1),(404,100,'Power Automate y Zapier.',0),(405,101,'Gestionar proyectos con Kanban.',0),(406,101,'Automatizar procesos repetitivos.',1),(407,101,'Priorizar tareas según su urgencia.',0),(408,101,'Planificar la semana en un calendario digital.',0),(409,102,'Aumentar el estrés laboral.',0),(410,102,'Aumentar el tiempo dedicado a tareas repetitivas.',0),(411,102,'Reducir el tiempo dedicado a tareas repetitivas y mejorar la eficiencia.',1),(412,102,'Disminuir la claridad en la comunicación.',0),(413,103,'Adjuntos recibidos por correo.',1),(414,103,'Tareas de Microsoft To Do.',0),(415,103,'Plan de la semana.',0),(416,103,'Tableros de tareas de Planner.',0),(417,104,'Bandeja Cero, Inbox central.',0),(418,104,'Eisenhower, Kanban, Timeboxing.',1),(419,104,'Módulo 1, Módulo 2 y Módulo 3.',0),(420,104,'Smart, Kanban, Pomodoro.',0),(421,105,'Enviar mensajes extensos sin asunto.',0),(422,105,'Ignorar la necesidad de definir objetivos en las reuniones.',0),(423,105,'Evitar reuniones sin propósito.',1),(424,105,'No registrar los acuerdos alcanzados en las reuniones.',0),(425,106,'Aprender a programar campañas en Python',0),(426,106,'Diseñar, ejecutar y medir estrategias de marketing digital',1),(427,106,'Crear sitios web utilizando HTML',0),(428,106,'Gestionar finanzas de una empresa',0),(429,107,'“Vender más durante el año”',0),(430,107,'“Aumentar la cantidad de seguidores sin plazo definido”',0),(431,107,'“Aumentar en un 25% el tráfico web en 3 meses”',1),(432,107,'“Mejorar las ventas lo antes posible”',0),(433,108,'Retener clientes',0),(434,108,'Atraer usuarios',1),(435,108,'Realizar ventas finales',0),(436,108,'Optimizar campañas SEM',0),(437,109,'SEO',0),(438,109,'Blogs',0),(439,109,'Email marketing',1),(440,109,'Historias de Instagram',0),(441,110,'RPM',0),(442,110,'Tasa de conversión',1),(443,110,'Frecuencia de compra',0),(444,110,'Valor de vida del cliente',0),(445,111,'Enlaces externos',0),(446,111,'Optimización del contenido y uso de palabras clave',1),(447,111,'Publicidad pagada',0),(448,111,'Diseño gráfico de redes sociales',0),(449,112,'Crear campañas de remarketing',0),(450,112,'Posicionar “panadería artesanal Santiago”',1),(451,112,'Vender productos digitales',0),(452,112,'Crear un funnel automatizado',0),(453,113,'Velocidad del sitio',0),(454,113,'Estructura del menú',0),(455,113,'Generación de enlaces y reputación digital',1),(456,113,'Diseño de una landing page',0),(457,114,'Crear una estrategia visual para Instagram',0),(458,114,'Estructurar campañas en Google Ads',1),(459,114,'Automatizar correos de bienvenida',0),(460,114,'Crear historias para aumentar el engagement',0),(461,115,'Palabras clave y CPC',0),(462,115,'Edad, intereses y comportamiento',1),(463,115,'Tráfico orgánico y pagado',0),(464,115,'Embudo de contenido TOFU-MOFU-BOFU',0),(465,116,'Podcasts y reuniones por Zoom',0),(466,116,'Reels, carruseles y stories',1),(467,116,'Videos de larga duración',0),(468,116,'Infografías para LinkedIn únicamente',0),(469,117,'Publicar solo contenido promocional',0),(470,117,'Evitar el storytelling',0),(471,117,'Mantener consistencia visual',1),(472,117,'No responder comentarios',0),(473,118,'Photoshop',0),(474,118,'Google Forms',0),(475,118,'GA4',1),(476,118,'Excel',0),(477,119,'Notificación de pago rechazado',0),(478,119,'Email de bienvenida y carrito abandonado',1),(479,119,'Respuesta automática de WhatsApp',0),(480,119,'Notificación de cumpleaños',0),(481,120,'Figma',0),(482,120,'MailerLite',1),(483,120,'Canva',0),(484,120,'Trello',0),(665,151,'Aprender a usar un software específico.',0),(666,151,'Organizar el trabajo de manera más efectiva utilizando herramientas y métodos prácticos.',1),(667,151,'Mejorar las habilidades de comunicación interpersonal.',0),(668,151,'Reducir la cantidad de trabajo diario.',0),(669,152,'Diagrama de Gantt.',0),(670,152,'Matriz de Eisenhower.',1),(671,152,'Análisis FODA.',0),(672,152,'Diagrama de Pareto.',0),(673,154,'Delegación total.',0),(674,154,'Automatización.',1),(675,154,'Ignorar tareas repetitivas.',0),(676,154,'Contratación de personal adicional.',0),(677,155,'Objetivos genéricos.',0),(678,155,'Objetivos ambiguos.',0),(679,155,'Objetivos SMART (específicos, medibles, alcanzables, relevantes y temporales).',1),(680,155,'Objetivos irrelevantes.',0),(681,156,'Método Delphi.',0),(682,156,'Diagrama de Ishikawa.',0),(683,156,'Matriz de Eisenhower.',1),(684,156,'Diagrama de flujo.',0),(685,157,'Técnica del semáforo.',0),(686,157,'Técnica Pomodoro.',1),(687,157,'Técnica del embudo.',0),(688,157,'Técnica del reloj de arena.',0),(689,158,'Correos electrónicos.',0),(690,158,'Todas las tareas.',1),(691,158,'Reuniones programadas.',0),(692,158,'Archivos importantes.',0),(693,159,'Método Scrum.',0),(694,159,'Método Kanban.',1),(695,159,'Método Lean.',0),(696,159,'Método Kaizen.',0),(697,160,'Bandeja llena.',0),(698,160,'Bandeja vacía.',0),(699,160,'Bandeja Cero.',1),(700,160,'Bandeja clasificada.',0),(701,161,'Redactar correos automáticamente.',0),(702,161,'Clasificar correos recurrentes.',1),(703,161,'Eliminar correos spam.',0),(704,161,'Responder automáticamente.',0),(705,162,'No tener agenda.',0),(706,162,'No definir responsables.',0),(707,162,'Tener agenda, minuta y responsables definidos.',1),(708,162,'Hablar sin interrupción.',0),(709,163,'En papel.',0),(710,163,'En la memoria.',0),(711,163,'En OneNote o Notion.',1),(712,163,'En WordPad.',0),(713,164,'Excel y Word.',0),(714,164,'Power Automate o Zapier.',1),(715,164,'PowerPoint y Access.',0),(716,164,'Paint y Notepad.',0),(717,165,'Eliminar todos los archivos.',0),(718,165,'Asegurar permisos, copias y versiones.',1),(719,165,'Hacer copias infinitas de los archivos.',0),(720,165,'Ocultar los archivos.',0),(785,181,'Aprender a usar funciones básicas de Excel.',0),(786,181,'Desarrollar habilidades para analizar datos, crear reportes dinámicos y automatizar tareas.',1),(787,181,'Dominar la creación de hojas de cálculo simples.',0),(788,181,'Certificar el nivel básico de Excel.',0),(789,182,'Funciones matemáticas y trigonométricas.',0),(790,182,'Funciones de fecha y hora.',0),(791,182,'Funciones condicionales, de texto y de búsqueda.',1),(792,182,'Funciones estadísticas.',0),(793,183,'SUMA, PROMEDIO, MAX, MIN',0),(794,183,'SI, Y/O, IZQUIERDA, DERECHA, EXTRAE, UNIRCADENAS',1),(795,183,'BUSCARV, CONTAR.SI, SUMAR.SI',0),(796,183,'HIPERVÍNCULO, TRANSPONER',0),(797,184,'Crear gráficos avanzados.',0),(798,184,'Analizar grandes volúmenes de datos.',1),(799,184,'Automatizar la impresión de hojas de cálculo.',0),(800,184,'Conectar Excel con bases de datos externas.',0),(801,185,'Tablas Dinámicas.',0),(802,185,'Gráficos SmartArt.',0),(803,185,'Tablas de Excel.',1),(804,185,'Macros.',0),(805,186,'Errores de formato.',0),(806,186,'Errores de fórmulas.',0),(807,186,'Errores de ingreso.',1),(808,186,'Errores de impresión.',0),(809,187,'Para mejorar la apariencia visual de la hoja de cálculo.',0),(810,187,'Para resaltar valores fuera de rango o duplicados.',1),(811,187,'Para crear gráficos dinámicos.',0),(812,187,'Para proteger la hoja de cálculo con contraseña.',0),(813,188,'Filtros avanzados.',0),(814,188,'Segmentadores.',1),(815,188,'Tablas dinámicas.',0),(816,188,'Macros.',0),(817,189,'Análisis de texto.',0),(818,189,'Análisis de datos de forma rápida y visual.',1),(819,189,'Análisis de errores de fórmulas.',0),(820,189,'Análisis de la estructura de la hoja de cálculo.',0),(821,190,'Fórmulas condicionales.',0),(822,190,'Campos calculados, segmentadores y líneas de tiempo.',1),(823,190,'Macros.',0),(824,190,'Gráficos SmartArt.',0),(825,191,'Informes de texto.',0),(826,191,'Informes con gráficos dinámicos y formatos personalizados.',1),(827,191,'Informes de auditoría.',0),(828,191,'Informes de resumen estadístico.',0),(829,192,'Bases de datos.',0),(830,192,'Dashboards.',1),(831,192,'Manuales de usuario.',0),(832,192,'Aplicaciones web.',0),(833,193,'Imágenes.',0),(834,193,'Datos.',1),(835,193,'Fórmulas.',0),(836,193,'Gráficos.',0),(837,194,'Tareas de diseño.',0),(838,194,'Tareas repetitivas.',1),(839,194,'Tareas de análisis estadístico.',0),(840,194,'Tareas de creación de fórmulas complejas.',0),(841,195,'Usar contraseñas simples.',0),(842,195,'Guardar los archivos en formato antiguo para compatibilidad.',0),(843,195,'Comentarios, seguridad y limpieza del código.',1),(844,195,'Evitar el uso de macros.',0),(845,196,'Aprender a crear presentaciones básicas.',0),(846,196,'Dominar herramientas avanzadas y técnicas de diseño efectivas para presentaciones corporativas profesionales.',1),(847,196,'Convertirse en un experto en animación.',0),(848,196,'Diseñar presentaciones para redes sociales.',0),(849,197,'Un conjunto de diseños predefinidos.',0),(850,197,'La estructura base que controla el diseño, formato y elementos visuales de todas las diapositivas en una presentación.',1),(851,197,'Una herramienta para crear animaciones complejas.',0),(852,197,'Un menú para insertar imágenes.',0),(853,198,'Colocar el logo corporativo en cada diapositiva individual.',0),(854,198,'No utilizar una paleta de colores coherente.',0),(855,198,'Utilizar máximo 5-7 fuentes en todo el documento.',0),(856,198,'Mantener coherencia tipográfica en todo el documento utilizando máximo 2-3 fuentes.',1),(857,199,'Insertar > Diseño',0),(858,199,'Vista > Patrón de diapositivas',1),(859,199,'Formato > Personalizar diseño',0),(860,199,'Herramientas > Ajustes',0),(861,200,'Usar diseños personalizados permite crear plantillas estandarizadas para distintas áreas de la empresa.',1),(862,200,'Utilizar plantillas predefinidas únicamente.',0),(863,200,'Evitar el uso de imágenes en los diseños personalizados.',0),(864,200,'Crear un diseño diferente para cada diapositiva.',0),(865,201,'No importa si se distorsiona la imagen.',0),(866,201,'Evitar distorsionar la imagen, manteniendo SHIFT si corresponde.',1),(867,201,'Aumentar el tamaño lo máximo posible.',0),(868,201,'Utilizar imágenes en baja resolución para que no pese el archivo.',0),(869,202,'Insertar > Imagen',0),(870,202,'Diseñar > Elementos',0),(871,202,'Insertar > Íconos',1),(872,202,'Diseñar > Iconos',0),(873,203,'Utilizar íconos con muchos detalles para un diseño más atractivo.',0),(874,203,'Evitar combinar varios íconos.',0),(875,203,'Combinar varios íconos para construir infografías simples.',1),(876,203,'Utilizar íconos de diferentes estilos en la misma diapositiva.',0),(877,204,'Insertar → Diseño > SmartArt',0),(878,204,'Insertar → SmartArt',1),(879,204,'Diseñar → Ilustraciones',0),(880,204,'Insertar → Gráficos',0),(881,205,'Cambiar solo los colores pero no los estilos.',0),(882,205,'Animar cada elemento del SmartArt si es necesario.',1),(883,205,'Insertar únicamente las opciones preestablecidas.',0),(884,205,'No se pueden agregar niveles.',0),(885,206,'No se puede ajustar la personalización',0),(886,206,'Se pueden editar valores, series y etiquetas',1),(887,206,'Se puede cambiar el orden de las etiquetas',0),(888,206,'Se pueden cambiar la orientación de las etiquetas',0),(889,207,'Usar animaciones complejas para captar la atención.',0),(890,207,'Preferir animaciones suaves y corporativas.',1),(891,207,'Utilizar una animación diferente en cada objeto.',0),(892,207,'No usar el Panel de animación.',0),(893,208,'Transiciones llamativas como cortinas o cubo.',0),(894,208,'Transiciones aleatorias.',0),(895,208,'Transiciones suaves como fundido o desvanecer.',1),(896,208,'No usar transiciones.',0),(897,209,'Insertar > Video',1),(898,209,'Insertar > Imagen',0),(899,209,'Insertar > Animaciones',0),(900,209,'Insertar > Diseño',0),(901,210,'Vista Normal.',0),(902,210,'Vista Diseño.',0),(903,210,'Vista Clasificador de diapositivas.',1),(904,210,'Vista Presentación.',0),(905,211,'Dominar herramientas de visualización de datos básicas.',0),(906,211,'Dominar técnicas analíticas intermedias y herramientas profesionales para interpretar, procesar y visualizar datos de manera confiable.',1),(907,211,'Aprender a programar en Python para análisis de datos.',0),(908,211,'Crear informes financieros detallados.',0),(909,212,'Funciones básicas de suma y resta.',0),(910,212,'Funciones intermedias para análisis.',1),(911,212,'Funciones avanzadas de programación VBA.',0),(912,212,'Funciones de formato condicional.',0),(913,213,'Eliminar duplicados.',0),(914,213,'Tratar valores faltantes.',0),(915,213,'Normalización de datos.',0),(916,213,'Análisis de regresión lineal.',1),(917,214,'Colocarlo en cada diapositiva individual para reforzar la marca.',0),(918,214,'No incluirlo en absoluto para evitar distracciones.',0),(919,214,'Colocarlo solo en el patrón de diapositivas.',1),(920,214,'Usarlo como marca de agua en cada gráfico.',0),(921,215,'IZQUIERDA().',0),(922,215,'DERECHA().',0),(923,215,'EXTRAE().',0),(924,215,'PROMEDIO().',1),(925,216,'Agrupamiento por colores.',0),(926,216,'Agrupamiento por tamaño de fuente.',0),(927,216,'Agrupamiento por rango de edades.',1),(928,216,'Agrupamiento aleatorio.',0),(929,217,'Solo resumir pequeños conjuntos de datos.',0),(930,217,'Resumir grandes volúmenes de datos y crear reportes dinámicos.',1),(931,217,'Crear gráficos estáticos únicamente.',0),(932,217,'Solo filtrar datos manualmente.',0),(933,218,'Aplicar filtros básicos.',0),(934,218,'Normalización y escalado de datos.',1),(935,218,'Eliminar todas las filas con datos faltantes.',0),(936,218,'No hacer nada, los datos comparativos son suficientes.',0),(937,219,'Crecimiento constante.',0),(938,219,'Ciclo natural.',0),(939,219,'Evento puntual.',1),(940,219,'Baja generalizada.',0),(941,220,'Causalidad directa entre las variables.',0),(942,220,'Cuánta relación existe entre dos variables (sin implicar causalidad).',1),(943,220,'La ausencia total de relación entre las variables.',0),(944,220,'La varianza de una variable.',0),(945,221,'Gráfico de líneas.',0),(946,221,'Gráfico de barras agrupadas.',0),(947,221,'Gráfico circular.',1),(948,221,'Mapa de calor (heatmaps).',0),(949,222,'Operacionales, financieros, RRHH y comerciales.',1),(950,222,'Solo financieros.',0),(951,222,'Solo operacionales.',0),(952,222,'Solo de RRHH.',0),(953,223,'Microsoft Word.',0),(954,223,'Adobe Photoshop.',0),(955,223,'Excel PowerQuery.',1),(956,223,'PowerPoint.',0),(957,224,'Java.',0),(958,224,'C++.',0),(959,224,'Python.',0),(960,224,'SQL.',1),(961,225,'Utilizar múltiples fuentes de datos para mayor precisión.',0),(962,225,'Mantener una sola \"fuente de verdad\".',1),(963,225,'No documentar los campos para mayor flexibilidad.',0),(964,225,'Establecer estándares personales para reportes.',0);
/*!40000 ALTER TABLE `alternativa` ENABLE KEYS */;
UNLOCK TABLES;

--
-- Table structure for table `boletin_suscripcion`
--

DROP TABLE IF EXISTS `boletin_suscripcion`;
/*!40101 SET @saved_cs_client     = @@character_set_client */;
/*!50503 SET character_set_client = utf8mb4 */;
CREATE TABLE `boletin_suscripcion` (
  `boletin_id` int NOT NULL AUTO_INCREMENT,
  `rut` varchar(12) NOT NULL,
  `email` varchar(100) NOT NULL,
  `fecha_suscripcion` datetime NOT NULL DEFAULT CURRENT_TIMESTAMP,
  `activo` tinyint(1) NOT NULL DEFAULT '1',
  PRIMARY KEY (`boletin_id`),
  UNIQUE KEY `uq_boletin_rut` (`rut`),
  UNIQUE KEY `uq_boletin_email` (`email`),
  KEY `idx_boletin_rut` (`rut`),
  KEY `idx_boletin_email` (`email`),
  CONSTRAINT `fk_boletin_usuario` FOREIGN KEY (`rut`) REFERENCES `usuario` (`persrut`)
) ENGINE=InnoDB AUTO_INCREMENT=10 DEFAULT CHARSET=utf8mb4 COLLATE=utf8mb4_0900_ai_ci;
/*!40101 SET character_set_client = @saved_cs_client */;

--
-- Dumping data for table `boletin_suscripcion`
--

LOCK TABLES `boletin_suscripcion` WRITE;
/*!40000 ALTER TABLE `boletin_suscripcion` DISABLE KEYS */;
INSERT INTO `boletin_suscripcion` VALUES (1,'20454028','LORENZO17@GMAIL.COM','2025-11-24 03:47:52',1),(7,'20454027','LORENZO.ARAYA17@GMAIL.COM','2025-11-24 03:49:22',1);
/*!40000 ALTER TABLE `boletin_suscripcion` ENABLE KEYS */;
UNLOCK TABLES;

--
-- Table structure for table `contacto_soporte`
--

DROP TABLE IF EXISTS `contacto_soporte`;
/*!40101 SET @saved_cs_client     = @@character_set_client */;
/*!50503 SET character_set_client = utf8mb4 */;
CREATE TABLE `contacto_soporte` (
  `contacto_id` int NOT NULL AUTO_INCREMENT,
  `rut` varchar(12) CHARACTER SET utf8mb4 COLLATE utf8mb4_0900_ai_ci NOT NULL,
  `problema` varchar(500) COLLATE utf8mb4_unicode_ci NOT NULL,
  `fecha` datetime NOT NULL DEFAULT CURRENT_TIMESTAMP,
  `estado` tinyint(1) NOT NULL DEFAULT '0' COMMENT '0 = Pendiente, 1 = En gestión, 2 = Resuelto',
  PRIMARY KEY (`contacto_id`),
  KEY `idx_contacto_rut` (`rut`),
  KEY `idx_contacto_soporte_estado` (`estado`),
  CONSTRAINT `fk_contacto_usuario` FOREIGN KEY (`rut`) REFERENCES `usuario` (`persrut`)
) ENGINE=InnoDB AUTO_INCREMENT=2 DEFAULT CHARSET=utf8mb4 COLLATE=utf8mb4_unicode_ci;
/*!40101 SET character_set_client = @saved_cs_client */;

--
-- Dumping data for table `contacto_soporte`
--

LOCK TABLES `contacto_soporte` WRITE;
/*!40000 ALTER TABLE `contacto_soporte` DISABLE KEYS */;
INSERT INTO `contacto_soporte` VALUES (1,'20454028','no pueod dormir xssss','2025-11-24 03:25:17',0);
/*!40000 ALTER TABLE `contacto_soporte` ENABLE KEYS */;
UNLOCK TABLES;

--
-- Table structure for table `curso`
--

DROP TABLE IF EXISTS `curso`;
/*!40101 SET @saved_cs_client     = @@character_set_client */;
/*!50503 SET character_set_client = utf8mb4 */;
CREATE TABLE `curso` (
  `curso_id` int NOT NULL AUTO_INCREMENT,
  `nombre` varchar(100) COLLATE utf8mb4_general_ci NOT NULL,
  `fecha_inicio` datetime DEFAULT NULL,
  `duracion_horas` int DEFAULT NULL,
  `modalidad` varchar(50) COLLATE utf8mb4_general_ci DEFAULT NULL,
  `imagen_url` varchar(200) COLLATE utf8mb4_general_ci DEFAULT NULL,
  PRIMARY KEY (`curso_id`),
  KEY `idx_curso_nombre` (`nombre`)
) ENGINE=InnoDB AUTO_INCREMENT=38 DEFAULT CHARSET=utf8mb4 COLLATE=utf8mb4_general_ci;
/*!40101 SET character_set_client = @saved_cs_client */;

--
-- Dumping data for table `curso`
--

LOCK TABLES `curso` WRITE;
/*!40000 ALTER TABLE `curso` DISABLE KEYS */;
INSERT INTO `curso` VALUES (1,'Excel Básico','2025-09-25 00:00:00',2,'Online',NULL),(2,'Word Básico','2025-09-25 00:00:00',2,'Online',NULL),(3,'Educación Financiera','2025-09-25 00:00:00',2,'Online',NULL),(4,'Ciberseguridad Básica','2025-09-25 00:00:00',2,'Online',NULL),(5,'Gestión de Proyectos - Herramientas Clave','2025-09-25 00:00:00',2,'Online',NULL),(6,'Herramientas Básicas de MS Office','2025-09-25 00:00:00',2,'Online',NULL),(7,'Herramientas para Organización Efectiva del Trabajo','2025-09-25 00:00:00',2,'Online',NULL),(8,'Marketing Digital','2025-09-25 00:00:00',2,'Online',NULL),(9,'Herramientas para la gestión de procesos en la organizacion avanzada','2025-09-25 00:00:00',2,'Online',NULL),(10,'Herramientas de Excel Intermedio','2025-09-25 00:00:00',2,'Online',NULL),(11,'PowerPoint Intermedio','2025-09-25 00:00:00',2,'Online',NULL),(12,'Análisis de Datos Nivel Intermedio','2025-09-25 00:00:00',2,'Online',NULL),(37,'CLASES DE FIFA','2025-11-24 00:00:00',2,'Online','images/curso_08c748fb234c49b4a9fe4d2abea609f4.png');
/*!40000 ALTER TABLE `curso` ENABLE KEYS */;
UNLOCK TABLES;

--
-- Table structure for table `intento_evaluacion`
--

DROP TABLE IF EXISTS `intento_evaluacion`;
/*!40101 SET @saved_cs_client     = @@character_set_client */;
/*!50503 SET character_set_client = utf8mb4 */;
CREATE TABLE `intento_evaluacion` (
  `intento_id` int NOT NULL AUTO_INCREMENT,
  `persrut` varchar(12) CHARACTER SET utf8mb4 COLLATE utf8mb4_0900_ai_ci NOT NULL,
  `curso_id` int NOT NULL,
  `fecha` datetime NOT NULL,
  `puntaje` decimal(5,2) DEFAULT NULL,
  `num_correctas` int DEFAULT NULL,
  PRIMARY KEY (`intento_id`),
  KEY `idx_intento_rut` (`persrut`),
  KEY `idx_intento_curso` (`curso_id`),
  KEY `idx_intento_rut_curso_fecha` (`persrut`,`curso_id`,`fecha` DESC),
  CONSTRAINT `fk_intento_curso` FOREIGN KEY (`curso_id`) REFERENCES `curso` (`curso_id`),
  CONSTRAINT `fk_intento_usuario` FOREIGN KEY (`persrut`) REFERENCES `usuario` (`persrut`)
) ENGINE=InnoDB AUTO_INCREMENT=34 DEFAULT CHARSET=utf8mb4 COLLATE=utf8mb4_general_ci;
/*!40101 SET character_set_client = @saved_cs_client */;

--
-- Dumping data for table `intento_evaluacion`
--

LOCK TABLES `intento_evaluacion` WRITE;
/*!40000 ALTER TABLE `intento_evaluacion` DISABLE KEYS */;
INSERT INTO `intento_evaluacion` VALUES (7,'20454027',5,'2025-11-24 02:19:35',40.00,6),(8,'20454027',5,'2025-11-24 02:19:58',33.33,5),(9,'20454027',5,'2025-11-24 02:20:24',33.33,5),(10,'20454027',6,'2025-11-24 02:21:00',33.33,5),(11,'20454027',6,'2025-11-24 02:21:26',13.33,2),(12,'20454027',6,'2025-11-24 02:21:55',40.00,6),(13,'20454027',7,'2025-11-24 02:22:34',46.67,7),(14,'20454027',7,'2025-11-24 02:23:00',33.33,5),(15,'20454027',7,'2025-11-24 02:23:21',46.67,7),(16,'20454027',8,'2025-11-24 02:24:04',26.67,4),(17,'20454027',8,'2025-11-24 02:26:22',100.00,15),(18,'20454027',8,'2025-11-24 02:27:21',86.67,13),(19,'20454027',9,'2025-11-24 02:28:51',100.00,14),(20,'20454027',9,'2025-11-24 02:29:38',85.71,12),(21,'20454027',9,'2025-11-24 02:30:35',71.43,10),(22,'20454027',10,'2025-11-24 02:31:08',40.00,6),(23,'20454027',10,'2025-11-24 02:31:30',60.00,9),(24,'20454027',10,'2025-11-24 02:32:05',66.67,10),(25,'20454027',11,'2025-11-24 02:32:41',53.33,8),(26,'20454027',11,'2025-11-24 02:33:01',46.67,7),(27,'20454027',11,'2025-11-24 02:35:18',100.00,15),(28,'20454027',12,'2025-11-24 02:35:50',26.67,4),(29,'20454027',12,'2025-11-24 02:36:17',33.33,5),(30,'20454027',12,'2025-11-24 02:37:20',86.67,13),(32,'20454027',4,'2025-11-24 04:40:05',100.00,15),(33,'20454027',1,'2025-11-24 04:57:27',80.00,12);
/*!40000 ALTER TABLE `intento_evaluacion` ENABLE KEYS */;
UNLOCK TABLES;

--
-- Table structure for table `matricula`
--

DROP TABLE IF EXISTS `matricula`;
/*!40101 SET @saved_cs_client     = @@character_set_client */;
/*!50503 SET character_set_client = utf8mb4 */;
CREATE TABLE `matricula` (
  `matricula_id` int NOT NULL AUTO_INCREMENT,
  `persrut` varchar(12) NOT NULL,
  `curso_id` int NOT NULL,
  `fecha_matricula` datetime NOT NULL DEFAULT CURRENT_TIMESTAMP,
  `estado` tinyint(1) NOT NULL DEFAULT '0' COMMENT '0 = Inscrito, 1 = En curso, 2 = Aprobado, 3 = Reprobado',
  PRIMARY KEY (`matricula_id`),
  UNIQUE KEY `uq_matricula_rut_curso` (`persrut`,`curso_id`),
  KEY `idx_matricula_rut` (`persrut`),
  KEY `idx_matricula_curso` (`curso_id`),
  CONSTRAINT `fk_matricula_curso` FOREIGN KEY (`curso_id`) REFERENCES `curso` (`curso_id`),
  CONSTRAINT `fk_matricula_usuario` FOREIGN KEY (`persrut`) REFERENCES `usuario` (`persrut`)
) ENGINE=InnoDB DEFAULT CHARSET=utf8mb4 COLLATE=utf8mb4_0900_ai_ci;
/*!40101 SET character_set_client = @saved_cs_client */;

--
-- Dumping data for table `matricula`
--

LOCK TABLES `matricula` WRITE;
/*!40000 ALTER TABLE `matricula` DISABLE KEYS */;
/*!40000 ALTER TABLE `matricula` ENABLE KEYS */;
UNLOCK TABLES;

--
-- Table structure for table `pregunta`
--

DROP TABLE IF EXISTS `pregunta`;
/*!40101 SET @saved_cs_client     = @@character_set_client */;
/*!50503 SET character_set_client = utf8mb4 */;
CREATE TABLE `pregunta` (
  `pregunta_id` int NOT NULL AUTO_INCREMENT,
  `texto` varchar(500) COLLATE utf8mb4_general_ci NOT NULL,
  `curso_id` int NOT NULL DEFAULT '1',
  PRIMARY KEY (`pregunta_id`),
  KEY `idx_pregunta_curso` (`curso_id`),
  CONSTRAINT `fk_pregunta_curso` FOREIGN KEY (`curso_id`) REFERENCES `curso` (`curso_id`)
) ENGINE=InnoDB AUTO_INCREMENT=226 DEFAULT CHARSET=utf8mb4 COLLATE=utf8mb4_general_ci;
/*!40101 SET character_set_client = @saved_cs_client */;

--
-- Dumping data for table `pregunta`
--

LOCK TABLES `pregunta` WRITE;
/*!40000 ALTER TABLE `pregunta` DISABLE KEYS */;
INSERT INTO `pregunta` VALUES (1,'¿Cuál es la principal función de Excel en el ámbito empresarial?',1),(2,'¿Qué tipo de archivo se recomienda para la máxima compatibilidad al guardar un libro de Excel?',1),(3,'¿Qué combinación de teclas se utiliza para convertir un rango de celdas en una tabla en Excel?',1),(4,'¿Qué herramienta de Excel permite mostrar solo los registros que cumplen con ciertos criterios?',1),(5,'¿Cuál de las siguientes funciones de Excel devuelve el promedio de un rango de celdas?',1),(6,'¿Para qué sirve CONTAR en Excel?',1),(7,'¿Qué tipo de gráfico es más adecuado para comparar valores entre diferentes categorías?',1),(8,'¿Cuál de los siguientes elementos puedes agregar a un gráfico de Excel?',1),(9,'¿Qué opción se utiliza para ajustar un informe extenso a una sola página al imprimir en Excel?',1),(10,'¿Qué es una celda en Excel?',1),(11,'¿Cuál de las siguientes opciones es un ejemplo de fórmula en Excel?',1),(12,'¿Qué atajo de teclado se utiliza para copiar en Excel?',1),(13,'¿Qué función de Excel se utiliza para encontrar el valor más bajo en un rango de celdas?',1),(14,'¿Cómo se fija una celda para que al arrastrar una fórmula no cambie su referencia?',1),(15,'¿Qué tipo de gráfico es ideal para mostrar proporciones?',1),(16,'¿Cuál es el objetivo general del curso?',2),(17,'¿Qué busca fortalecer el curso en los participantes?',2),(18,'¿Qué tipo de documentos aprenderás a crear con este curso?',2),(19,'¿Qué elementos aprenderás a estructurar en tus documentos?',2),(20,'¿Cuál es el primer módulo del curso?',2),(21,'En el módulo de Fundamentos de Word, ¿qué se espera que el participante aprenda a dominar?',2),(22,'¿Qué se recomienda hacer al crear un documento nuevo?',2),(23,'En el módulo de Formato, Estilo y Organización, ¿qué aprenderás a aplicar al texto?',2),(24,'¿Qué podrás ajustar en el formato de párrafo?',2),(25,'¿Qué podrás crear con las listas en el módulo de formato, estilo y organización?',2),(26,'¿Qué tipo de elementos visuales aprenderás a insertar en el módulo de herramientas esenciales?',2),(27,'¿Qué formato de ajuste de texto se sugiere para las imágenes?',2),(28,'En el módulo de Diseño e Impresión, ¿qué se aprenderá a configurar?',2),(29,'¿Qué se puede insertar en los saltos de página y secciones?',2),(30,'¿Qué se recomienda revisar antes de imprimir un documento?',2),(31,'¿Cuál es el objetivo principal del curso de Educación Financiera?',3),(32,'¿Qué se busca que los participantes sean capaces de hacer al finalizar el curso?',3),(33,'¿Qué es el flujo de caja?',3),(34,'¿Qué es la inflación?',3),(35,'¿Cuál es la regla del método 50/30/20?',3),(36,'¿Cuál es el propósito principal del fondo de emergencia?',3),(37,'¿Cuál es la diferencia entre interés simple y compuesto?',3),(38,'¿Qué se debe considerar al evaluar el costo real de un crédito?',3),(39,'¿Cuál es una característica de las metas SMART?',3),(40,'¿Cuál es el primer paso en el método \"Bola de Nieve\" para pagar deudas?',3),(41,'¿Qué es la diversificación en inversiones?',3),(42,'¿Cuáles son ejemplos de instrumentos comunes de inversión?',3),(43,'¿Qué debe incluir un plan financiero personal?',3),(44,'¿Cuál es un consejo importante al pagar deudas?',3),(45,'¿Cuál es el próximo paso después de completar el curso, según la presentación?',3),(46,'¿Cuál es uno de los componentes clave de la \"Tríada CIA\" en ciberseguridad?',4),(47,'¿Cuál de las siguientes NO es una amenaza frecuente en ciberseguridad?',4),(48,'¿Qué se busca lograr con un modelo de capas de defensa?',4),(49,'¿Cuál es la longitud mínima recomendada para contraseñas seguras?',4),(50,'¿Qué tipo de elementos debe contener una contraseña segura?',4),(51,'¿Cuál es una buena práctica al manejar enlaces desconocidos?',4),(52,'¿Qué herramienta se menciona como gestor de contraseñas?',4),(53,'¿Qué es MFA/2FA?',4),(54,'¿Por qué es importante activar las actualizaciones automáticas en sistemas operativos y antivirus?',4),(55,'¿Cuál es una acción recomendada al ausentarse del equipo?',4),(56,'¿Cuál es una buena práctica al usar redes Wi-Fi domésticas?',4),(57,'¿Qué se recomienda evitar al usar redes públicas?',4),(58,'¿Qué significa la estrategia 3-2-1 de copias de seguridad?',4),(59,'¿Qué se recomienda hacer ante la sospecha de un incidente de seguridad?',4),(60,'¿Cuál de las siguientes herramientas es útil para analizar archivos sospechosos?',4),(61,'¿Cuál de las siguientes opciones describe mejor el objetivo general del curso?',5),(62,'En el ciclo de vida de un proyecto, ¿cuál es la fase que sigue a la planificación?',5),(63,'¿Cuál de las siguientes no es una herramienta clave que se revisa en el curso?',5),(64,'¿Qué significa el acrónimo \"WBS\" en la gestión de proyectos?',5),(65,'¿Cuál es el propósito principal de un cronograma (Gantt) en la gestión de proyectos?',5),(66,'En la Matriz RACI, ¿qué representa la letra \"A\"?',5),(67,'¿Cuál de los siguientes aspectos no se abarca en el Módulo 3 del curso?',5),(68,'¿Qué tipo de matriz se utiliza para evaluar y priorizar los riesgos?',5),(69,'En el contexto de los riesgos, ¿cuál de las siguientes opciones no es una respuesta común?',5),(70,'¿Cuál es el enfoque principal del Módulo 4 del curso?',5),(71,'¿Cuál de las siguientes opciones describe mejor Kanban?',5),(72,'¿Cuál de los siguientes no es un evento clave en Scrum?',5),(73,'¿Cuál de los siguientes indicadores no se menciona específicamente como métrica clave en el curso?',5),(74,'¿Qué tipo de plataforma se sugiere para crear un tablero ágil en el curso?',5),(75,'¿Cuál es el último paso en el cierre de un proyecto según el curso?',5),(76,'¿Cuál es el objetivo general del curso?',6),(77,'¿Cuáles de las siguientes herramientas NO se cubren en el curso?',6),(78,'En el módulo de Word, ¿qué se aprende sobre el formato de texto y párrafo?',6),(79,'¿Qué atajo de teclado se menciona para subrayar texto en Word?',6),(80,'¿Qué función se utiliza para sumar un rango de celdas en Excel?',6),(81,'¿Qué tipo de referencia de celda es absoluta en Excel?',6),(82,'En el módulo de PowerPoint, qué se enfatiza sobre el diseño?',6),(83,'¿Cuál es un principio de diseño esencial en PowerPoint?',6),(84,'¿Qué se aprende sobre el uso de Outlook en el curso?',6),(85,'¿Qué se menciona sobre el uso de canales en Teams?',6),(86,'¿Qué tipo de permisos se recomiendan al compartir archivos en OneDrive?',6),(87,'¿Qué práctica se recomienda para nombrar archivos para una mejor colaboración?',6),(88,'¿Qué metodología de enseñanza se utiliza en el curso?',6),(89,'¿Qué se espera que los participantes puedan hacer al finalizar el curso?',6),(90,'En Excel, ¿cómo puedes resaltar visualmente los puntajes menores a 60?',6),(91,'¿Cuál es el objetivo principal del curso?',7),(92,'¿Qué es la Matriz de Eisenhower?',7),(93,'¿Cuál es el propósito de la técnica Pomodoro?',7),(94,'¿Qué herramientas se sugieren para gestionar proyectos con Kanban?',7),(95,'¿Cuál es el objetivo de usar un \"Inbox\" central para las tareas?',7),(96,'¿Qué significa el acrónimo \"WIP\" en el contexto del método Kanban?',7),(97,'¿Cuál es el propósito de la técnica \"Bandeja Cero\"?',7),(98,'¿Qué se recomienda hacer con los correos electrónicos según la técnica de la \"Bandeja Cero\"?',7),(99,'¿Cuál de las siguientes opciones no es una práctica recomendada para la comunicación digital?',7),(100,'¿Qué herramientas se sugieren para centralizar las notas?',7),(101,'¿Cuál es el propósito de Power Automate o Zapier?',7),(102,'¿Qué se busca lograr al automatizar procesos?',7),(103,'¿Qué tipo de archivos se recomienda guardar en OneDrive?',7),(104,'¿Qué metodologías se aplicarán en el curso?',7),(105,'¿Cuál es una buena práctica para mejorar la comunicación digital en el trabajo?',7),(106,'¿Cuál es uno de los objetivos generales del curso de marketing digital?',8),(107,'¿Cuál de los siguientes es un ejemplo de objetivo SMART mostrado en el curso?',8),(108,'En el embudo de conversión, la etapa TOFU se enfoca en:',8),(109,'¿Cuál de los siguientes canales pertenece a la etapa MOFU del embudo?',8),(110,'¿Qué tipo de KPI se menciona como ejemplo en el módulo 1?',8),(111,'El SEO on-page se refiere principalmente a:',8),(112,'¿Qué ejemplo se da para SEO on-page?',8),(113,'El SEO off-page se centra en:',8),(114,'En SEM, una de las tareas mencionadas es:',8),(115,'¿Qué se debe definir en el Módulo 3 sobre el buyer persona?',8),(116,'¿Qué tipo de contenido se menciona para el calendario editorial?',8),(117,'Una buena práctica en redes sociales mencionada es:',8),(118,'¿Qué herramienta se destaca en el módulo de analítica para medir eventos?',8),(119,'¿Qué tipo de automatización se menciona como ejemplo en email marketing?',8),(120,'¿Cuál de las herramientas se indica como útil para automatizar envíos de email?',8),(151,'¿Cuál es el objetivo principal del curso?',9),(152,'¿Qué herramienta se sugiere para priorizar tareas en el curso?',9),(153,'¿Qué herramienta de gestión de proyectos se menciona en el curso?',9),(154,'¿Qué técnica se promueve para abordar tareas repetitivas?',9),(155,'¿Qué tipo de objetivos se enseñan a definir en el curso?',9),(156,'¿Qué método se utiliza en el curso para diferenciar entre lo urgente y lo importante?',9),(157,'¿Qué técnica de gestión del tiempo se menciona en el curso?',9),(158,'¿Qué se busca capturar en un \'Inbox\' central según el módulo 2?',9),(159,'¿Qué método se utiliza con columnas \'Por hacer\', \'En progreso\' y \'Hecho\'?',9),(160,'¿Qué técnica se utiliza para organizar el correo electrónico en el módulo 3?',9),(161,'¿Qué se busca hacer con las reglas automáticas en el correo electrónico?',9),(162,'¿Qué práctica se recomienda para reuniones efectivas?',9),(163,'¿Dónde se sugiere centralizar las notas en el módulo 4?',9),(164,'¿Qué herramientas se exploran para automatizar procesos?',9),(165,'¿Qué se busca lograr al mantener la seguridad básica de los archivos?',9),(181,'¿Cuál es el objetivo principal del curso de Excel Intermedio?',10),(182,'En el Módulo 1, ¿qué tipo de funciones se combinan para construir reportes inteligentes?',10),(183,'¿Qué funciones se mencionan como clave en el Módulo 1?',10),(184,'¿Qué se aprenderá a hacer con BUSCARX, FILTRAR, ORDENAR y ÚNICOS?',10),(185,'En el Módulo 2, ¿qué se utiliza para aprovechar nombres estructurados y filtros avanzados?',10),(186,'¿Qué tipo de errores se controlan al usar la validación de datos?',10),(187,'¿Para qué se utiliza el formato condicional avanzado con fórmulas?',10),(188,'¿Qué herramienta se usa para segmentar datos en el Módulo 2?',10),(189,'En el Módulo 3, ¿qué tipo de análisis se realiza con Tablas Dinámicas?',10),(190,'¿Qué elementos se configuran en el Módulo 3 para interactuar con los datos?',10),(191,'¿Qué tipo de informes ejecutivos se diseñan en el Módulo 3?',10),(192,'¿Qué se crea con Tablas Dinámicas y Gráficos Dinámicos integrados?',10),(193,'¿Qué se importa, transforma y combina en el Módulo 4 utilizando Power Query?',10),(194,'En el Módulo 4, ¿qué tipo de tareas se automatizan con la grabadora de macros?',10),(195,'¿Cuál es una de las buenas prácticas mencionadas en el Módulo 4?',10),(196,'¿Cuál es el objetivo principal del curso de PowerPoint Intermedio?',11),(197,'¿Qué es el Patrón de Diapositivas?',11),(198,'¿Cuál es una buena práctica profesional al utilizar el Patrón de Diapositivas?',11),(199,'¿Cómo se acceden a los diseños personalizados?',11),(200,'¿Cuál es un consejo profesional al crear diseños personalizados?',11),(201,'Al editar imágenes en PowerPoint, ¿qué se recomienda hacer al cambiar el tamaño de una imagen?',11),(202,'¿Qué debes hacer para insertar íconos en tu diapositiva?',11),(203,'¿Qué se recomienda al utilizar íconos e ilustraciones?',11),(204,'¿Qué se recomienda hacer con un SmartArt que creaste?',11),(205,'Al trabajar con SmartArt, ¿qué opción es posible?',11),(206,'Al insertar y editar un gráfico en PowerPoint ¿Qué opciones de personalización tenemos?',11),(207,'¿Cuál es una buena práctica al aplicar animaciones en PowerPoint?',11),(208,'¿Qué tipo de transiciones se recomiendan en contextos corporativos?',11),(209,'¿Cómo se inserta un video y audio a la presentación?',11),(210,'¿Qué vista se recomienda utilizar para organizar presentaciones largas en PowerPoint?',11),(211,'¿Cuál es el principal objetivo general del curso?',12),(212,'¿Qué tipo de funciones de Excel/Sheets se destacan para el análisis en este curso?',12),(213,'¿Cuál de las siguientes NO es una técnica de limpieza y preparación de datos mencionada?',12),(214,'¿Qué se recomienda hacer con el logo corporativo en las diapositivas de una presentación?',12),(215,'¿Cuál de las siguientes funciones NO se clasifica como una función de texto en Excel/Sheets?',12),(216,'¿Qué tipo de agrupamiento se menciona como una técnica de transformación de datos?',12),(217,'¿Qué se puede hacer con las tablas dinámicas avanzadas?',12),(218,'¿Qué se recomienda hacer antes de realizar análisis comparativos?',12),(219,'¿Cuál es la interpretación de una tendencia en un análisis cuando cambia de manera abrupta?',12),(220,'¿Qué indica la correlación entre variables?',12),(221,'¿Cuál de los siguientes gráficos NO se recomienda para visualización intermedia?',12),(222,'¿Qué tipo de KPIs se mencionan en la presentación?',12),(223,'¿Qué herramienta se menciona como ejemplo para la automatización de limpieza de datos?',12),(224,'¿Qué lenguaje de consulta de datos se menciona?',12),(225,'¿Cuál es una buena práctica mencionada en la preparación de datos para reportes?',12);
/*!40000 ALTER TABLE `pregunta` ENABLE KEYS */;
UNLOCK TABLES;

--
-- Table structure for table `resena`
--

DROP TABLE IF EXISTS `resena`;
/*!40101 SET @saved_cs_client     = @@character_set_client */;
/*!50503 SET character_set_client = utf8mb4 */;
CREATE TABLE `resena` (
  `resena_id` int NOT NULL AUTO_INCREMENT,
  `persrut` varchar(12) CHARACTER SET utf8mb4 COLLATE utf8mb4_0900_ai_ci NOT NULL,
  `curso_id` int DEFAULT NULL,
  `texto` varchar(500) CHARACTER SET utf8mb4 COLLATE utf8mb4_0900_ai_ci NOT NULL,
  `puntaje` tinyint NOT NULL,
  `fecha` datetime NOT NULL DEFAULT CURRENT_TIMESTAMP,
  `boletin_id` int DEFAULT NULL,
  PRIMARY KEY (`resena_id`),
  KEY `idx_resena_rut` (`persrut`),
  KEY `idx_resena_boletin` (`boletin_id`),
  KEY `idx_resena_curso` (`curso_id`),
  CONSTRAINT `fk_resena_boletin` FOREIGN KEY (`boletin_id`) REFERENCES `boletin_suscripcion` (`boletin_id`),
  CONSTRAINT `fk_resena_curso` FOREIGN KEY (`curso_id`) REFERENCES `curso` (`curso_id`),
  CONSTRAINT `fk_resena_usuario` FOREIGN KEY (`persrut`) REFERENCES `usuario` (`persrut`),
  CONSTRAINT `resena_chk_1` CHECK ((`puntaje` between 1 and 5))
) ENGINE=InnoDB AUTO_INCREMENT=2 DEFAULT CHARSET=utf8mb4 COLLATE=utf8mb4_0900_ai_ci;
/*!40101 SET character_set_client = @saved_cs_client */;

--
-- Dumping data for table `resena`
--

LOCK TABLES `resena` WRITE;
/*!40000 ALTER TABLE `resena` DISABLE KEYS */;
INSERT INTO `resena` VALUES (1,'20454027',NULL,'PAGINA MUY BUENA, APRENDI MUCHO',5,'2025-11-24 03:36:59',NULL);
/*!40000 ALTER TABLE `resena` ENABLE KEYS */;
UNLOCK TABLES;

--
-- Table structure for table `respuesta_intento`
--

DROP TABLE IF EXISTS `respuesta_intento`;
/*!40101 SET @saved_cs_client     = @@character_set_client */;
/*!50503 SET character_set_client = utf8mb4 */;
CREATE TABLE `respuesta_intento` (
  `intento_id` int NOT NULL,
  `pregunta_id` int NOT NULL,
  `alternativa_id` int NOT NULL,
  PRIMARY KEY (`intento_id`,`pregunta_id`),
  KEY `fk_resp_pregunta` (`pregunta_id`),
  KEY `fk_resp_alternativa` (`alternativa_id`),
  CONSTRAINT `fk_resp_alternativa` FOREIGN KEY (`alternativa_id`) REFERENCES `alternativa` (`alternativa_id`),
  CONSTRAINT `fk_resp_intento` FOREIGN KEY (`intento_id`) REFERENCES `intento_evaluacion` (`intento_id`),
  CONSTRAINT `fk_resp_pregunta` FOREIGN KEY (`pregunta_id`) REFERENCES `pregunta` (`pregunta_id`)
) ENGINE=InnoDB DEFAULT CHARSET=utf8mb4 COLLATE=utf8mb4_general_ci;
/*!40101 SET character_set_client = @saved_cs_client */;

--
-- Dumping data for table `respuesta_intento`
--

LOCK TABLES `respuesta_intento` WRITE;
/*!40000 ALTER TABLE `respuesta_intento` DISABLE KEYS */;
INSERT INTO `respuesta_intento` VALUES (33,1,3),(33,2,7),(33,3,12),(33,4,14),(33,5,23),(33,6,25),(33,7,30),(33,8,35),(33,9,38),(33,10,43),(33,11,47),(33,12,51),(33,13,56),(33,14,59),(33,15,61),(32,46,186),(32,47,191),(32,48,195),(32,49,200),(32,50,203),(32,51,206),(32,52,210),(32,53,215),(32,54,219),(32,55,223),(32,56,227),(32,57,229),(32,58,235),(32,59,238),(32,60,242);
/*!40000 ALTER TABLE `respuesta_intento` ENABLE KEYS */;
UNLOCK TABLES;

--
-- Table structure for table `rol`
--

DROP TABLE IF EXISTS `rol`;
/*!40101 SET @saved_cs_client     = @@character_set_client */;
/*!50503 SET character_set_client = utf8mb4 */;
CREATE TABLE `rol` (
  `rol_id` int NOT NULL,
  `descripcion` varchar(50) NOT NULL,
  PRIMARY KEY (`rol_id`)
) ENGINE=InnoDB DEFAULT CHARSET=utf8mb4 COLLATE=utf8mb4_0900_ai_ci;
/*!40101 SET character_set_client = @saved_cs_client */;

--
-- Dumping data for table `rol`
--

LOCK TABLES `rol` WRITE;
/*!40000 ALTER TABLE `rol` DISABLE KEYS */;
INSERT INTO `rol` VALUES (1,'Administrador'),(2,'Usuario estándar');
/*!40000 ALTER TABLE `rol` ENABLE KEYS */;
UNLOCK TABLES;

--
-- Table structure for table `usuario`
--

DROP TABLE IF EXISTS `usuario`;
/*!40101 SET @saved_cs_client     = @@character_set_client */;
/*!50503 SET character_set_client = utf8mb4 */;
CREATE TABLE `usuario` (
  `persrut` varchar(12) NOT NULL,
  `persdv` char(1) NOT NULL,
  `persnombre` varchar(50) NOT NULL,
  `perspatern` varchar(50) NOT NULL,
  `persmatern` varchar(50) NOT NULL,
  `perssexo` enum('M','F','Otro') NOT NULL,
  `persemail` varchar(100) NOT NULL,
  `persdireccion` varchar(200) DEFAULT NULL,
  `persfono` varchar(20) DEFAULT NULL,
  `persnacimiento` date DEFAULT NULL,
  `usuclave` varchar(255) NOT NULL,
  `rol_id` int NOT NULL,
  `estado` tinyint NOT NULL DEFAULT '1' COMMENT '1 = ACTIVO, 2 = INACTIVO',
  PRIMARY KEY (`persrut`),
  UNIQUE KEY `persemail` (`persemail`),
  KEY `idx_email` (`persemail`),
  KEY `fk_usuario_rol` (`rol_id`),
  CONSTRAINT `fk_usuario_rol` FOREIGN KEY (`rol_id`) REFERENCES `rol` (`rol_id`)
) ENGINE=InnoDB DEFAULT CHARSET=utf8mb4 COLLATE=utf8mb4_0900_ai_ci;
/*!40101 SET character_set_client = @saved_cs_client */;

--
-- Dumping data for table `usuario`
--

LOCK TABLES `usuario` WRITE;
/*!40000 ALTER TABLE `usuario` DISABLE KEYS */;
INSERT INTO `usuario` VALUES ('10000001','3','Maria','Gonzalez','Rojas','F','maria.gonzalez1@mail.com','Direccion 1','912345001','1990-01-02','008c70392e3abfbd0fa47bbc2ed96aa99bd49e159727fcba0f2e6abeb3a9d601',2,1),('10000002','7','Pedro','Ramirez','Soto','M','pedro.ramirez2@mail.com','Direccion 2','912345002','1990-01-03','008c70392e3abfbd0fa47bbc2ed96aa99bd49e159727fcba0f2e6abeb3a9d601',2,1),('10000003','9','Ana','Torres','Lagos','F','ana.torres3@mail.com','Direccion 3','912345003','1990-01-04','008c70392e3abfbd0fa47bbc2ed96aa99bd49e159727fcba0f2e6abeb3a9d601',2,1),('10000004','2','Felipe','Munoz','Castro','M','felipe.munoz4@mail.com','Direccion 4','912345004','1990-01-05','008c70392e3abfbd0fa47bbc2ed96aa99bd49e159727fcba0f2e6abeb3a9d601',2,1),('10000005','K','Daniela','Vargas','Pino','F','daniela.vargas5@mail.com','Direccion 5','912345005','1990-01-06','008c70392e3abfbd0fa47bbc2ed96aa99bd49e159727fcba0f2e6abeb3a9d601',2,1),('10000006','4','Jorge','Saavedra','Fuentes','M','jorge.saavedra6@mail.com','Direccion 6','912345006','1990-01-07','008c70392e3abfbd0fa47bbc2ed96aa99bd49e159727fcba0f2e6abeb3a9d601',2,1),('10000007','6','Claudia','Araya','Molina','F','claudia.araya7@mail.com','Direccion 7','912345007','1990-01-08','008c70392e3abfbd0fa47bbc2ed96aa99bd49e159727fcba0f2e6abeb3a9d601',2,1),('10000008','1','Diego','Caceres','Orellana','M','diego.caceres8@mail.com','Direccion 8','912345008','1990-01-09','008c70392e3abfbd0fa47bbc2ed96aa99bd49e159727fcba0f2e6abeb3a9d601',2,2),('10000009','5','Carolina','Reyes','Salinas','F','carolina.reyes9@mail.com','Direccion 9','912345009','1990-01-10','008c70392e3abfbd0fa47bbc2ed96aa99bd49e159727fcba0f2e6abeb3a9d601',2,1),('10000010','K','Juan','Perez','Gomez','M','juan.perez10@mail.com','Direccion 10','912345010','1990-01-11','008c70392e3abfbd0fa47bbc2ed96aa99bd49e159727fcba0f2e6abeb3a9d601',2,1),('10000011','3','Maria','Gonzalez','Rojas','F','maria.gonzalez11@mail.com','Direccion 11','912345011','1990-01-12','008c70392e3abfbd0fa47bbc2ed96aa99bd49e159727fcba0f2e6abeb3a9d601',2,1),('10000012','7','Pedro','Ramirez','Soto','M','pedro.ramirez12@mail.com','Direccion 12','912345012','1990-01-13','008c70392e3abfbd0fa47bbc2ed96aa99bd49e159727fcba0f2e6abeb3a9d601',2,1),('10000013','9','Ana','Torres','Lagos','F','ana.torres13@mail.com','Direccion 13','912345013','1990-01-14','008c70392e3abfbd0fa47bbc2ed96aa99bd49e159727fcba0f2e6abeb3a9d601',2,1),('10000014','2','Felipe','Munoz','Castro','M','felipe.munoz14@mail.com','Direccion 14','912345014','1990-01-15','008c70392e3abfbd0fa47bbc2ed96aa99bd49e159727fcba0f2e6abeb3a9d601',2,1),('10000015','K','Daniela','Vargas','Pino','F','daniela.vargas15@mail.com','Direccion 15','912345015','1990-01-16','008c70392e3abfbd0fa47bbc2ed96aa99bd49e159727fcba0f2e6abeb3a9d601',2,1),('10000016','4','Jorge','Saavedra','Fuentes','M','jorge.saavedra16@mail.com','Direccion 16','912345016','1990-01-17','008c70392e3abfbd0fa47bbc2ed96aa99bd49e159727fcba0f2e6abeb3a9d601',2,1),('10000017','6','Claudia','Araya','Molina','F','claudia.araya17@mail.com','Direccion 17','912345017','1990-01-18','008c70392e3abfbd0fa47bbc2ed96aa99bd49e159727fcba0f2e6abeb3a9d601',2,2),('10000018','1','Diego','Caceres','Orellana','M','diego.caceres18@mail.com','Direccion 18','912345018','1990-01-19','008c70392e3abfbd0fa47bbc2ed96aa99bd49e159727fcba0f2e6abeb3a9d601',2,1),('10000019','5','Carolina','Reyes','Salinas','F','carolina.reyes19@mail.com','Direccion 19','912345019','1990-01-20','008c70392e3abfbd0fa47bbc2ed96aa99bd49e159727fcba0f2e6abeb3a9d601',2,1),('10000020','K','Juan','Perez','Gomez','M','juan.perez20@mail.com','Direccion 20','912345020','1990-01-21','008c70392e3abfbd0fa47bbc2ed96aa99bd49e159727fcba0f2e6abeb3a9d601',2,1),('10000021','3','Maria','Gonzalez','Rojas','F','maria.gonzalez21@mail.com','Direccion 21','912345021','1990-01-22','008c70392e3abfbd0fa47bbc2ed96aa99bd49e159727fcba0f2e6abeb3a9d601',2,1),('10000022','7','Pedro','Ramirez','Soto','M','pedro.ramirez22@mail.com','Direccion 22','912345022','1990-01-23','008c70392e3abfbd0fa47bbc2ed96aa99bd49e159727fcba0f2e6abeb3a9d601',2,1),('10000023','9','Ana','Torres','Lagos','F','ana.torres23@mail.com','Direccion 23','912345023','1990-01-24','008c70392e3abfbd0fa47bbc2ed96aa99bd49e159727fcba0f2e6abeb3a9d601',2,1),('10000024','2','Felipe','Munoz','Castro','M','felipe.munoz24@mail.com','Direccion 24','912345024','1990-01-25','008c70392e3abfbd0fa47bbc2ed96aa99bd49e159727fcba0f2e6abeb3a9d601',2,1),('10000025','K','Daniela','Vargas','Pino','F','daniela.vargas25@mail.com','Direccion 25','912345025','1990-01-26','008c70392e3abfbd0fa47bbc2ed96aa99bd49e159727fcba0f2e6abeb3a9d601',2,1),('10000026','4','Jorge','Saavedra','Fuentes','M','jorge.saavedra26@mail.com','Direccion 26','912345026','1990-01-27','008c70392e3abfbd0fa47bbc2ed96aa99bd49e159727fcba0f2e6abeb3a9d601',2,1),('10000027','6','Claudia','Araya','Molina','F','claudia.araya27@mail.com','Direccion 27','912345027','1990-01-28','008c70392e3abfbd0fa47bbc2ed96aa99bd49e159727fcba0f2e6abeb3a9d601',2,2),('10000028','1','Diego','Caceres','Orellana','M','diego.caceres28@mail.com','Direccion 28','912345028','1990-01-01','008c70392e3abfbd0fa47bbc2ed96aa99bd49e159727fcba0f2e6abeb3a9d601',2,1),('10000029','5','Carolina','Reyes','Salinas','F','carolina.reyes29@mail.com','Direccion 29','912345029','1990-01-02','008c70392e3abfbd0fa47bbc2ed96aa99bd49e159727fcba0f2e6abeb3a9d601',2,1),('10000030','K','Juan','Perez','Gomez','M','juan.perez30@mail.com','Direccion 30','912345030','1990-01-03','008c70392e3abfbd0fa47bbc2ed96aa99bd49e159727fcba0f2e6abeb3a9d601',2,2),('10000031','3','Maria','Gonzalez','Rojas','F','maria.gonzalez31@mail.com','Direccion 31','912345031','1990-01-04','008c70392e3abfbd0fa47bbc2ed96aa99bd49e159727fcba0f2e6abeb3a9d601',2,1),('10000032','7','Pedro','Ramirez','Soto','M','pedro.ramirez32@mail.com','Direccion 32','912345032','1990-01-05','008c70392e3abfbd0fa47bbc2ed96aa99bd49e159727fcba0f2e6abeb3a9d601',2,1),('10000033','9','Ana','Torres','Lagos','F','ana.torres33@mail.com','Direccion 33','912345033','1990-01-06','008c70392e3abfbd0fa47bbc2ed96aa99bd49e159727fcba0f2e6abeb3a9d601',2,1),('10000034','2','Felipe','Munoz','Castro','M','felipe.munoz34@mail.com','Direccion 34','912345034','1990-01-07','008c70392e3abfbd0fa47bbc2ed96aa99bd49e159727fcba0f2e6abeb3a9d601',2,1),('10000035','K','Daniela','Vargas','Pino','F','daniela.vargas35@mail.com','Direccion 35','912345035','1990-01-08','008c70392e3abfbd0fa47bbc2ed96aa99bd49e159727fcba0f2e6abeb3a9d601',2,1),('10000036','4','Jorge','Saavedra','Fuentes','M','jorge.saavedra36@mail.com','Direccion 36','912345036','1990-01-09','008c70392e3abfbd0fa47bbc2ed96aa99bd49e159727fcba0f2e6abeb3a9d601',2,1),('10000037','6','Claudia','Araya','Molina','F','claudia.araya37@mail.com','Direccion 37','912345037','1990-01-10','008c70392e3abfbd0fa47bbc2ed96aa99bd49e159727fcba0f2e6abeb3a9d601',2,1),('10000038','1','Diego','Caceres','Orellana','M','diego.caceres38@mail.com','Direccion 38','912345038','1990-01-11','008c70392e3abfbd0fa47bbc2ed96aa99bd49e159727fcba0f2e6abeb3a9d601',2,1),('10000039','5','Carolina','Reyes','Salinas','F','carolina.reyes39@mail.com','Direccion 39','912345039','1990-01-12','008c70392e3abfbd0fa47bbc2ed96aa99bd49e159727fcba0f2e6abeb3a9d601',2,1),('10000040','K','Juan','Perez','Gomez','M','juan.perez40@mail.com','Direccion 40','912345040','1990-01-13','008c70392e3abfbd0fa47bbc2ed96aa99bd49e159727fcba0f2e6abeb3a9d601',2,1),('10000041','3','Maria','Gonzalez','Rojas','F','maria.gonzalez41@mail.com','Direccion 41','912345041','1990-01-14','008c70392e3abfbd0fa47bbc2ed96aa99bd49e159727fcba0f2e6abeb3a9d601',2,1),('10000042','7','Pedro','Ramirez','Soto','M','pedro.ramirez42@mail.com','Direccion 42','912345042','1990-01-15','008c70392e3abfbd0fa47bbc2ed96aa99bd49e159727fcba0f2e6abeb3a9d601',2,1),('10000043','9','Ana','Torres','Lagos','F','ana.torres43@mail.com','Direccion 43','912345043','1990-01-16','008c70392e3abfbd0fa47bbc2ed96aa99bd49e159727fcba0f2e6abeb3a9d601',2,1),('10000044','2','Felipe','Munoz','Castro','M','felipe.munoz44@mail.com','Direccion 44','912345044','1990-01-17','008c70392e3abfbd0fa47bbc2ed96aa99bd49e159727fcba0f2e6abeb3a9d601',2,1),('10000045','K','Daniela','Vargas','Pino','F','daniela.vargas45@mail.com','Direccion 45','912345045','1990-01-18','008c70392e3abfbd0fa47bbc2ed96aa99bd49e159727fcba0f2e6abeb3a9d601',2,1),('10000046','4','Jorge','Saavedra','Fuentes','M','jorge.saavedra46@mail.com','Direccion 46','912345046','1990-01-19','008c70392e3abfbd0fa47bbc2ed96aa99bd49e159727fcba0f2e6abeb3a9d601',2,1),('10000047','6','CLAUDIA','PINAAAA','PINAAAA','F','claudia.araya47@gmail.com','HOLA 12345','941336195','2019-10-16','008c70392e3abfbd0fa47bbc2ed96aa99bd49e159727fcba0f2e6abeb3a9d601',2,2),('10000048','1','Diego','Caceres','Orellana','M','diego.caceres48@mail.com','Direccion 48','912345048','1990-01-21','008c70392e3abfbd0fa47bbc2ed96aa99bd49e159727fcba0f2e6abeb3a9d601',2,2),('10000049','5','Carolina','Reyes','Salinas','F','carolina.reyes49@mail.com','Direccion 49','912345049','1990-01-22','008c70392e3abfbd0fa47bbc2ed96aa99bd49e159727fcba0f2e6abeb3a9d601',2,1),('10000050','K','Juan','Perez','Gomez','M','juan.perez50@mail.com','Direccion 50','912345050','1990-01-23','008c70392e3abfbd0fa47bbc2ed96aa99bd49e159727fcba0f2e6abeb3a9d601',2,1),('10201339','5','LORENZO ANTONIO','ARAYA','ZUÑIGA','M','LORENZO18@GMAIL.COM','LOS VILOS 50505050','941336195','2020-09-11','$2a$12$wKERJAcDQwNNzdszfbBxFejDogtkQLHS.r7EAag3xrYWaa2RFEzsu',1,1),('11223344','3','Valentina','Muñoz','Araya','F','valentina@example.com','Dirección 3','998877665','1998-11-05','1234',1,2),('11855227','K','JUANA ROSA','PIZARRO','GARAY','F','LORENZO@GMAIL.COM','LOS VILOS 8090','41336195','2000-08-10','$2a$12$UdUfTveyjHJlQnq2LoRLweendwZFU7QpdWX3mjalAS1jastqkijse',2,1),('12345678','9','Camila','Rojas','López','F','camila@example.com','Dirección 1','987654321','1995-06-10','1234',1,1),('20454027','4','LORENZO ANDRES','ARAYA','PIZARRO','M','LORENZO.ARAYA17@GMAIL.COM','LOS VILOS 8090','941336195','2000-08-10','$2a$11$U7dPPHm4V.cLsAn5N99Hrun/PmU2ezrz6rXiFY1/RUnBdsra4bbFW',1,1),('20454028','4','LORENZO ANDRES','ARAYA','PIZARRO','M','LORENZO17@GMAIL.COM','LOS VILOS 8090','941336195','2000-08-10','$2a$12$siUkrPSC4cd.AMewi5KroeCk3oLC2B3LyP1NK3rdU2K8OgPL/aO.a',2,1),('20668404','6','RAIZA DEYANIRA','BASTIAS','FUENZALIDA','F','RBASTIASFUENZALIDA@GMAIL.COM','LOS VILOS 8090','41336195','2025-11-23','$2a$12$OPt8EOsWYG1a6cfIw1vsFOkVlb7dQVWuo.D.x8x44/aozE3vCC88u',2,1),('87654321','5','Javier','Pérez','Gómez','M','javier@example.com','Dirección 2','912345678','1990-03-22','1234',1,1);
/*!40000 ALTER TABLE `usuario` ENABLE KEYS */;
UNLOCK TABLES;
/*!40103 SET TIME_ZONE=@OLD_TIME_ZONE */;

/*!40101 SET SQL_MODE=@OLD_SQL_MODE */;
/*!40014 SET FOREIGN_KEY_CHECKS=@OLD_FOREIGN_KEY_CHECKS */;
/*!40014 SET UNIQUE_CHECKS=@OLD_UNIQUE_CHECKS */;
/*!40101 SET CHARACTER_SET_CLIENT=@OLD_CHARACTER_SET_CLIENT */;
/*!40101 SET CHARACTER_SET_RESULTS=@OLD_CHARACTER_SET_RESULTS */;
/*!40101 SET COLLATION_CONNECTION=@OLD_COLLATION_CONNECTION */;
/*!40111 SET SQL_NOTES=@OLD_SQL_NOTES */;

-- Dump completed on 2025-11-24  5:25:07
